title,image
Cabin Fireplace,other/IMG_1019.JPG
,other/IMG_1015.JPG
Spiral Staircase,other/IMG_0368.png
,other/IMG_0369.png
,other/IMG_0367.png
,other/IMG_0421.png
,other/IMG_0421.png
Porcelain Floor,other/IMG_5371.png
,other/IMG_5369.png
Elevator Entrance,other/IMG_8334.png
,other/IMG_8344.png
,other/IMG_8348.png
,other/IMG_8352.png
,other/IMG_8346.png
Porcelain Office Space,other/IMG_9390.png
,other/IMG_9389.png
Living Room Fireplace,other/IMG_8836.png
,other/IMG_8838.png
Kitchen Backsplash,kitchens/IMG_5625.png
Kitchen Backsplash,kitchens/IMG_5376.png
,kitchens/IMG_5375.png
,kitchens/IMG_5378.png
Kitchen Backsplash,kitchens/IMG_5884.png
Kitchen Backsplash,kitchens/IMG_7336.png
Kitchen Backsplash,kitchens/IMG_7039.png
Kitchen Backsplash,kitchens/IMG_7287.png
,kitchens/IMG_7286.png
Kitchen Backsplash,kitchens/IMG_6779.png