service,description
Shower Renovation,Complete shower transformation with expert tile installation and waterproofing
Flooring Renovation,Transform your space with new flooring solutions tailored to your needs.
Tile Installation,"Porcelain, marble, ceramic, glass, we do it all!"
Decorative Stone and Brick Installation,Custom stone and brick installation for accent walls and decorative features
Laminate Flooring,Cost-effective and durable laminate flooring installation with precision.
LVP Flooring,Luxury vinyl plank flooring installation for a waterproof and durable solution.
Heated Floors,Radiant floor heating installation for ultimate comfort in any room.
Self Leveling and Floor Levelling,Professional floor leveling services for a perfect foundation of any flooring.
Shower Tile Installation,Waterproof and beautiful shower tile installation with proper drainage.
Backsplash Tile Installation,Kitchen and bathroom backsplash installation to enhance your space.
Bathroom Tile Installation,"Complete bathroom tile solutions for floors, walls, and features"